"學生代號","W","Lab01","Lab02","Lab03","Lab04","Lab05","Lab06","Lab07","Lab08","Lab09","Lab10","HW1","HW2","HW3","HW4","HW5","Mid","OT","Final","FP","點名","Bonus","總成績","Grade"
"es26dcs001","False","0","0","0","0","0","0","0","0","0","0","0.0","0.0","0.0","0.0","0.0","","0.0","","0.0","0","","0.0","X"
"es26dcs002","False","0","100","60","0","0","0","0","0","0","0","73.57","65.75","66.0","68.36","0.0","","0.0","","0.0","0","","14.55","E"
"es26dcs003","False","100","0","60","60","0","0","0","100","100","100","73.21","71.5","86.29","0.0","68.79","34.5","62.67","42","81.61","2","","57.31","D"
"es26dcs004","False","100","100","60","60","60","0","100","60","60","100","40.89","70.5","43.83","79.0","85.0","37.5","61.6","58","62.0","3","","61.61","C-"
"es26dcs005","False","100","100","100","100","60","100","100","60","100","100","97.64","88.25","76.86","92.07","98.07","57.5","72.0","85","82.75","3","","83.47","A-"
"es26dcs006","False","100","100","60","60","60","0","0","0","100","100","86.93","82.0","76.64","80.71","80.93","72.5","64.0","69","84.82","3","","74.71","B"
"es26dcs007","False","100","100","60","100","100","100","100","60","100","100","99.57","92.25","89.71","95.07","98.29","77.0","100.0","96","102.75","3","","95.66","A+"
"es26dcs008","False","100","100","100","100","60","100","100","100","100","100","98.71","98.75","80.5","85.43","92.71","56.0","69.33","79","99.32","3","","85.45","A"
"es26dcs009","False","100","100","60","60","0","0","100","0","60","100","83.07","83.5","98.29","79.57","79.43","52.5","63.73","63","65.38","3","","68.56","C+"
"es26dcs010","False","100","100","60","60","60","100","100","60","100","100","87.14","80.75","79.64","81.79","91.0","65.0","64.8","74","100.79","3","","81.88","A-"
"es26dcs011","False","100","100","60","100","55","100","100","100","100","100","72.0","68.0","79.07","52.97","77.5","57.5","100.0","76","104.96","3","","83.5","A-"
"es26dcs012","False","100","100","100","100","60","100","100","100","100","100","72.57","73.0","77.5","79.29","80.71","59.5","62.13","88","101.64","3","","84.33","A-"
"es26dcs013","True","0","0","0","0","0","0","0","0","0","0","0.0","0.0","0.0","0.0","0.0","","0.0","","0.0","","","0.0","X"
"es26dcs014","False","100","100","60","60","60","60","0","60","100","100","79.21","79.75","77.29","78.14","77.93","35.0","100.0","89","81.79","3","","80.23","A-"
"es26dcs015","True","100","100","0","0","0","0","0","0","0","0","0.0","0.0","0.0","0.0","0.0","","0.0","","0.0","","","2.0","E"
"es26dcs016","False","100","100","60","60","60","100","100","0","100","100","86.64","76.75","59.11","82.0","93.79","54.5","100.0","65","84.88","3","","77.43","B+"
"es26dcs017","True","100","100","60","60","60","0","0","0","0","0","83.71","76.5","0.0","0.0","0.0","71.5","0.0","","0.0","","","16.69","E"
"es26dcs018","False","0","0","0","0","0","0","0","0","0","0","0.0","0.0","0.0","0.0","0.0","","0.0","","0.0","0","","0.0","X"
"es26dcs019","False","100","100","60","60","60","100","100","60","100","100","99.14","95.5","91.64","88.0","96.57","77.0","70.4","89","108.18","3","","91.04","A+"
"es26dcs020","False","100","100","100","100","100","60","100","100","100","100","97.21","78.75","77.07","87.36","85.29","82.5","100.0","86","107.14","3","","92.44","A+"
"es26dcs021","True","0","0","0","0","0","0","0","0","0","0","0.0","0.0","0.0","0.0","0.0","","0.0","","0.0","","","0.0","X"
"es26dcs022","False","100","60","60","60","60","100","100","60","60","100","94.86","99.0","89.07","83.93","97.86","60.5","74.13","61","107.93","3","","81.98","A-"
"es26dcs023","False","100","60","60","0","60","0","0","60","100","0","69.5","73.5","48.56","0.0","78.14","34.5","0.0","","0.0","3","","22.95","E"
"es26dcs024","False","100","60","100","100","60","60","100","100","100","100","92.29","69.75","81.79","80.93","73.71","63.5","60.27","64","96.68","3","","77.24","B+"
"es26dcs025","False","100","100","60","60","60","100","100","60","60","100","89.71","88.0","56.29","87.79","97.21","52.0","73.33","71","103.79","3","","81.05","A-"
"es26dcs026","True","100","100","60","60","60","0","0","0","0","0","90.79","79.0","73.29","0.0","0.0","68.5","0.0","","0.0","","","20.53","E"
"es26dcs027","False","100","100","100","100","60","100","100","100","100","30","93.64","81.0","47.14","89.57","47.01","66.0","60.0","61","98.18","3","","75.05","B"
"es26dcs028","False","100","100","60","100","60","60","100","60","100","100","96.36","93.25","80.36","94.86","89.71","88.5","76.0","81","107.86","3","","89.66","A+"
"es26dcs029","False","100","100","60","60","60","100","100","60","100","100","80.29","85.5","49.47","84.14","94.64","61.0","73.87","75","100.25","3","","81.37","A-"
"es26dcs030","False","100","100","60","100","60","100","100","60","100","100","98.07","92.0","89.29","60.14","91.21","51.5","68.8","53","108.57","3","","78.32","B+"
"es26dcs031","False","100","60","60","60","60","60","60","60","60","100","79.0","69.5","75.57","84.0","56.8","90.5","62.4","89","94.32","3","","81.85","A-"
"es26dcs032","False","60","100","100","100","55","60","100","100","100","100","71.93","75.75","75.21","83.07","82.0","43.0","80.0","67","99.14","3","","78.45","B+"
"es26dcs033","False","100","100","100","100","100","100","60","60","0","100","88.0","75.5","80.71","88.86","89.07","77.5","61.87","91","84.46","3","","83.46","A-"
"es26dcs034","True","100","100","100","60","60","60","0","0","0","0","74.29","68.25","74.07","77.93","0.0","24.5","0.0","","0.0","","","20.74","E"
"es26dcs035","False","100","100","60","60","60","0","100","60","60","100","72.36","69.25","79.43","77.5","77.71","75.5","61.33","94","73.75","3","","78.51","B+"
"es26dcs036","False","100","100","60","60","60","100","100","60","100","100","77.71","84.75","96.36","98.71","89.5","65.0","70.93","76","97.68","3","","83.8","A-"
"es26dcs037","False","100","100","100","100","60","60","100","100","60","100","91.86","74.25","74.93","84.79","93.36","55.5","100.0","84","108.82","3","","89.04","A"
"es26dcs038","False","100","60","60","100","100","100","100","60","100","100","88.43","74.75","86.5","91.93","89.93","77.0","69.07","96","98.54","3","","89.27","A"
"es26dcs039","False","100","100","100","100","60","100","100","60","100","100","97.93","98.5","59.8","98.07","93.86","66.5","77.6","90","109.36","3","","91.08","A+"
"es26dcs040","False","100","100","60","60","60","60","100","60","60","100","92.07","87.0","89.5","82.64","96.36","83.0","75.47","82","108.21","3","","88.39","A"
"es26dcs041","False","100","100","100","60","60","100","100","60","100","100","99.36","98.0","59.76","96.79","88.86","64.5","79.47","85","112.32","3","","89.77","A+"
"es26dcs042","False","100","100","60","100","60","60","100","60","60","100","75.14","76.25","54.49","86.29","76.29","34.5","69.6","69","106.25","3","","76.89","B+"
"es26dcs043","False","100","100","100","60","60","60","100","60","100","100","84.79","86.5","91.43","90.14","90.14","62.0","63.47","73","94.11","3","","81.08","A-"
"es26dcs044","False","100","100","100","60","60","60","100","60","100","100","99.79","96.0","74.5","97.21","86.5","74.5","75.73","84","110.5","3","","89.74","A+"
"es26dcs045","False","100","100","60","100","60","100","100","60","100","100","88.93","84.0","95.29","99.36","95.07","75.0","73.07","93","96.71","3","","89.94","A+"
"es26dcs046","False","100","100","100","100","100","60","100","100","100","100","94.0","77.0","82.21","85.21","85.86","61.5","100.0","60","87.25","3","","80.24","A-"
"es26dcs047","False","100","100","100","100","95","60","100","100","100","100","92.29","79.5","82.86","87.14","92.93","83.0","100.0","82","88.75","3","","88.25","A"
"es26dcs048","False","100","100","60","60","60","100","100","60","100","100","74.93","73.75","52.04","80.21","79.21","57.0","66.4","75","98.61","3","","78.33","B+"
"es26dcs049","False","100","100","100","100","100","100","100","60","100","100","100.0","97.75","92.29","91.21","99.36","76.5","77.87","87","102.82","3","1","92.85","A+"
"es26dcs050","False","100","100","100","100","100","100","100","60","100","100","98.5","92.5","94.43","95.29","96.14","70.0","100.0","90","106.04","3","","94.77","A+"
"es26dcs051","True","0","0","0","0","0","0","0","0","0","0","0.0","0.0","0.0","0.0","0.0","","0.0","","0.0","","","0.0","X"
"es26dcs052","False","100","100","60","100","100","60","100","60","100","100","95.07","95.25","98.5","98.29","99.14","71.0","74.4","93","97.04","3","","90.94","A+"
"es26dcs053","False","100","100","60","60","100","0","100","60","100","100","70.29","67.5","77.5","75.71","78.86","74.5","60.8","70","82.5","3","","74.63","B"
"es26dcs054","False","100","100","60","60","100","60","100","60","100","100","94.43","78.25","88.21","97.64","85.29","72.0","100.0","89","111.57","3","","92.97","A+"
"es26dcs055","False","100","100","100","100","60","60","100","60","60","100","95.79","90.25","77.36","96.14","47.94","59.0","72.53","65","99.07","3","","78.85","B+"
"es26dcs056","False","100","100","60","60","100","60","100","60","60","100","82.5","79.25","82.21","76.29","79.07","62.5","71.47","66","81.86","3","","75.16","B"
"es26dcs057","True","0","0","0","0","0","0","0","0","0","0","0.0","0.0","0.0","0.0","0.0","","0.0","","0.0","","","0.0","X"
"es26dcs058","True","0","0","0","0","0","0","0","0","0","0","0.0","0.0","0.0","0.0","0.0","","0.0","","0.0","","","0.0","X"
"es26dcs059","True","100","100","100","100","60","0","0","0","0","0","95.71","93.0","0.0","0.0","0.0","44.0","0.0","","0.0","","","16.6","E"
"es26dcs060","False","100","100","60","60","95","100","100","60","100","100","83.93","83.25","82.0","88.64","85.43","73.5","65.33","74","94.64","3","","81.92","A-"
"es26dcs061","True","0","0","0","0","0","0","0","0","0","0","0.0","0.0","0.0","0.0","0.0","","0.0","","0.0","","","0.0","X"
"es26dcs062","False","100","100","100","100","100","100","100","100","60","100","96.14","96.25","96.57","100.0","98.93","87.0","100.0","93","114.29","3","1","100.1","A+"
"es26dcs063","False","100","100","60","100","100","100","100","60","100","100","86.07","93.5","83.5","75.5","53.46","85.5","69.87","97","95.89","3","","88.2","A"
"es26dcs064","True","100","100","60","60","60","60","0","0","0","0","75.36","80.0","75.14","0.0","0.0","55.0","0.0","","0.0","","","19.57","E"
"es26dcs065","False","100","100","60","100","60","60","100","60","100","100","90.36","83.75","77.93","81.36","96.79","53.5","66.67","61","99.04","3","","78.01","B+"
"es26dcs066","True","100","100","60","60","60","0","0","0","0","0","85.64","82.25","77.71","0.0","0.0","61.5","0.0","","0.0","","","20.14","E"
"es26dcs067","False","0","100","0","60","60","0","0","0","60","0","0.0","38.1","43.97","69.86","50.14","65.0","76.53","69","72.0","2","","59.41","D"
"es26dcs068","True","100","100","0","60","60","100","0","0","0","0","85.0","85.0","88.86","0.0","0.0","44.5","0.0","","0.0","","","19.85","E"
"es26dcs069","False","100","0","0","60","60","60","60","0","60","55","79.79","72.25","82.43","10.0","53.07","65.0","100.0","87","82.57","3","","75.09","B"
"es26dcs070","True","100","100","60","60","0","0","0","0","0","0","87.57","68.75","0.0","0.0","0.0","","0.0","","0.0","","","10.14","E"
"es26dcs071","False","100","100","60","100","60","100","100","100","100","100","87.79","70.0","88.43","87.57","91.43","80.0","67.2","83","103.18","3","","87.09","A"
"es26dcs072","False","100","100","60","100","0","0","100","100","100","0","92.5","85.25","49.73","78.57","79.64","27.0","65.87","37","77.25","3","","61.41","C-"
"es26dcs073","False","100","60","100","60","100","60","100","60","60","100","84.14","81.25","85.64","79.64","84.57","76.0","63.2","81","73.88","3","","78.35","B+"
"es26dcs074","True","100","60","60","0","0","0","0","0","0","0","76.86","0.0","0.0","0.0","0.0","","0.0","","0.0","","","5.27","E"
"es26dcs075","False","100","60","60","60","60","60","60","60","60","100","93.14","87.5","89.93","91.71","78.64","67.5","68.27","70","100.5","3","","80.74","A-"
"es26dcs076","False","100","100","100","100","60","100","100","100","100","100","97.86","99.75","97.64","98.93","99.57","78.0","100.0","87","113.82","3","","97.06","A+"
"es26dcs077","True","0","0","0","0","0","0","0","0","0","0","0.0","0.0","0.0","0.0","0.0","","0.0","","0.0","","","0.0","X"
"es26dcs078","False","100","100","60","60","60","100","100","60","100","100","85.21","86.0","97.43","90.79","87.36","87.0","78.93","84","105.68","3","","89.88","A+"
"es26dcs079","False","100","100","60","60","60","60","100","60","60","100","89.29","71.75","85.86","97.86","83.93","74.0","66.93","72","97.11","3","","81.18","A-"
"es26dcs080","False","100","100","60","60","60","0","100","60","100","100","72.14","85.75","82.64","80.07","41.4","65.5","64.53","65","64.25","3","","68.57","C+"
"es26dcs081","False","100","100","60","60","100","60","100","60","100","100","74.71","70.25","84.57","84.36","88.64","59.5","100.0","72","108.86","3","","85.31","A"
"es26dcs082","True","100","100","0","0","0","0","0","0","0","0","0.0","0.0","0.0","0.0","0.0","","0.0","","0.0","","","2.0","E"
"es26dcs083","False","100","100","60","100","60","60","100","60","100","100","92.93","86.25","92.07","59.5","87.79","84.0","67.73","89","108.75","3","","88.89","A"
"es26dcs084","False","100","100","100","60","60","0","100","60","100","100","82.64","84.0","89.14","92.43","82.93","55.0","78.13","80","105.5","3","","84.84","A"
"es26dcs085","True","100","100","100","100","60","100","0","0","0","0","81.14","90.5","91.21","0.0","0.0","51.0","0.0","","0.0","","","22.01","E"
"es26dcs086","True","0","0","0","0","0","0","0","0","0","0","0.0","0.0","0.0","0.0","0.0","","0.0","","0.0","","","0.0","X"
"es26dcs087","False","100","100","60","100","60","100","100","0","100","18","83.29","74.25","85.0","85.64","90.36","52.5","72.8","60","94.89","3","","75.93","B"
"es26dcs088","False","100","100","100","100","100","100","100","100","100","100","91.64","84.5","94.64","89.5","94.43","71.5","70.67","81","112.14","3","","90.28","A+"
"es26dcs089","False","100","100","60","100","60","100","100","100","100","100","81.36","77.75","62.2","89.93","84.36","76.5","78.4","86","98.29","3","","86.28","A"
"es26dcs090","True","100","100","60","60","60","60","0","0","0","0","89.5","74.5","87.36","0.0","0.0","51.0","0.0","","0.0","","","20.15","E"
"es26dcs091","False","100","100","100","100","100","100","100","100","100","100","91.21","88.5","85.21","96.57","62.2","52.5","100.0","84","105.89","3","","89.65","A+"
"es26dcs092","False","100","100","60","60","60","100","100","60","60","100","84.57","89.5","90.14","86.93","84.14","67.0","65.6","77","104.46","3","","83.98","A-"
"es26dcs093","False","100","100","100","100","60","100","100","100","100","100","92.71","95.0","95.93","95.71","92.07","76.5","79.73","85","107.46","3","","92.08","A+"
"es26dcs094","False","100","100","60","60","60","100","100","60","100","100","96.57","98.25","94.0","83.5","94.0","62.0","100.0","92","109.54","3","","93.62","A+"
"es26dcs095","False","100","100","60","60","60","100","100","60","100","100","90.14","89.75","87.57","94.64","95.93","89.5","76.8","83","103.11","3","","89.61","A+"
"es26dcs096","True","100","100","0","0","0","0","0","0","0","0","0.0","0.0","0.0","0.0","0.0","","0.0","","0.0","","","2.0","E"
"es26dcs097","False","60","100","100","60","100","60","100","60","60","60","75.79","82.5","86.07","78.79","48.81","72.0","61.07","76","81.43","3","","75.59","B"
"es26dcs098","False","60","100","60","60","60","60","100","60","60","100","91.0","81.75","90.36","95.5","95.29","97.0","75.2","74","103.21","3","","86.41","A"
"es26dcs099","False","100","100","100","60","60","100","100","60","60","100","80.5","76.0","92.71","84.5","78.57","47.0","66.13","82","95.86","3","","81.25","A-"
"es26dcs100","True","100","100","60","0","0","0","0","0","0","0","74.07","0.0","0.0","0.0","0.0","","0.0","","0.0","","","5.56","E"
"es26dcs101","False","100","100","60","60","60","100","100","60","100","100","92.57","94.75","89.79","93.79","97.43","76.5","64.27","72","97.29","3","","83.89","A-"
"es26dcs102","False","100","100","60","60","100","60","100","60","100","100","82.86","71.0","54.61","79.43","86.71","72.0","100.0","83","94.25","3","","84.66","A"
"es26dcs103","True","100","100","100","60","60","100","100","0","0","0","80.71","84.25","97.86","80.86","0.0","55.0","0.0","","0.0","","","26.98","E"
"es26dcs104","True","100","100","100","60","60","60","0","0","0","0","71.36","87.75","78.79","0.0","0.0","70.5","0.0","","0.0","","","21.62","E"
"es26dcs105","False","100","100","60","60","60","100","100","60","100","100","73.93","92.75","79.86","88.29","92.5","64.5","71.73","89","101.57","3","","86.92","A"
"es26dcs106","True","100","60","0","60","60","0","0","0","0","0","78.36","90.0","80.29","0.0","0.0","41.5","0.0","","0.0","","","17.77","E"
"es26dcs107","True","100","100","60","60","60","100","0","0","0","0","81.43","89.25","94.86","0.0","0.0","41.0","0.0","","0.0","","","20.54","E"
"es26dcs108","False","100","100","100","100","100","100","100","60","100","100","95.29","96.5","64.0","98.57","98.71","81.5","100.0","97","112.64","3","1","98.6","A+"
"es26dcs109","False","100","100","100","100","100","100","60","60","100","100","90.57","95.75","98.57","92.36","98.5","92.5","100.0","89","99.0","3","","94.53","A+"
"es26dcs110","False","100","100","60","100","60","60","100","60","100","100","79.86","88.75","95.07","96.36","86.07","62.0","74.93","74","103.61","3","","84.58","A"
"es26dcs111","True","100","60","100","60","60","60","0","0","0","0","74.5","73.25","0.0","0.0","0.0","55.0","0.0","","0.0","","","15.44","E"
"es26dcs112","True","60","100","0","0","0","0","0","0","0","0","63.64","0.0","0.0","0.0","0.0","","0.0","","0.0","","","4.15","E"
"es26dcs113","True","0","0","0","0","0","0","0","0","0","0","0.0","0.0","0.0","0.0","0.0","","0.0","","0.0","","","0.0","X"
"es26dcs114","False","100","100","60","60","100","100","100","100","60","100","95.5","99.5","99.36","98.14","99.79","84.5","100.0","89","108.11","3","","96.09","A+"
"es26dcs115","True","0","0","0","0","0","0","0","0","0","0","0.0","0.0","0.0","0.0","0.0","","0.0","","0.0","","","0.0","X"
"es26dcs116","False","100","100","60","60","60","100","100","60","100","88","97.0","87.25","93.36","94.21","97.64","74.0","68.53","87","111.39","3","","90.59","A+"
"es26dcs117","False","100","100","60","60","60","60","100","60","100","100","76.0","91.25","98.93","89.64","87.14","59.5","76.27","85","109.07","3","","87.84","A"
"es26dcs118","False","100","100","60","60","60","60","100","60","100","100","78.79","90.75","81.71","87.21","87.57","47.0","71.2","81","102.0","3","","83.04","A-"
"es26dcs119","True","100","100","100","100","100","0","0","0","0","0","91.93","97.0","0.0","0.0","0.0","44.0","0.0","","0.0","","","17.05","E"
"es26dcs120","False","100","100","60","60","60","100","100","60","100","100","77.07","72.0","95.71","85.86","91.86","45.5","79.2","77","109.96","3","","84.56","A"
"es26dcs121","False","100","100","60","60","60","100","100","100","100","100","78.57","72.5","79.79","86.07","77.14","68.0","65.07","80","109.29","3","","84.52","A"
"es26dcs122","False","100","100","60","60","60","100","100","100","100","100","85.43","91.0","97.21","95.93","82.21","54.0","100.0","76","101.36","3","","87.13","A"
"es26dcs123","False","100","100","100","60","60","100","100","60","100","100","76.21","94.25","87.79","87.71","85.21","80.5","77.07","78","101.39","3","","86.52","A"
"es26dcs124","True","100","100","100","60","60","60","100","100","100","0","93.79","93.75","75.36","88.43","10.0","56.0","0.0","","0.0","","","29.41","E"
"es26dcs125","False","100","100","60","60","60","60","100","60","100","100","87.36","78.0","98.07","90.43","84.79","61.0","100.0","92","107.71","3","","91.48","A+"
"es26dcs126","True","100","60","0","0","0","0","0","0","0","0","0.0","0.0","0.0","0.0","0.0","","0.0","","0.0","","","1.6","E"
"es26dcs127","False","100","100","60","100","60","60","100","100","100","88","77.93","78.5","96.14","93.14","82.86","31.5","100.0","81","69.88","3","","79.07","B+"
"es26dcs128","True","100","0","0","0","0","0","0","0","0","0","0.0","0.0","0.0","0.0","0.0","","0.0","","0.0","","","1.0","E"
"es26dcs129","False","100","100","60","60","60","60","0","60","100","100","89.07","80.25","90.57","85.29","88.21","52.5","68.0","70","108.68","3","","81.01","A-"
"es26dcs130","True","100","100","60","60","0","0","0","0","0","0","77.29","71.75","0.0","0.0","0.0","","0.0","","0.0","","","9.88","E"
"es26dcs131","False","100","100","60","100","60","100","100","100","100","100","88.86","81.5","76.43","86.71","83.07","69.0","62.93","51","100.43","3","","76.79","B+"
"es26dcs132","False","100","100","60","100","60","100","100","100","100","100","82.21","94.0","78.14","83.71","85.64","68.5","70.13","68","104.07","3","","82.87","A-"
"es26dcs133","True","100","100","100","100","60","100","100","0","0","0","86.5","91.75","81.14","0.0","0.0","63.5","0.0","","0.0","","","23.78","E"
"es26dcs134","False","100","100","100","60","60","100","100","100","100","100","84.93","72.5","53.84","91.0","91.64","77.0","77.33","83","105.71","3","","86.83","A"
"es26dcs135","True","100","100","60","100","0","0","0","0","0","0","88.21","0.0","0.0","0.0","0.0","","0.0","","0.0","","","7.13","E"
"es26dcs136","False","100","100","60","60","60","60","100","100","100","30","81.57","80.5","99.14","82.43","53.97","41.0","78.67","55","103.32","3","","75.33","B"
"es26dcs137","True","100","100","60","100","60","0","0","0","0","0","77.5","91.5","0.0","0.0","0.0","23.0","0.0","","0.0","","","13.72","E"
"es26dcs138","True","100","100","100","100","60","100","0","0","0","0","79.64","97.5","54.36","0.0","0.0","42.0","0.0","","0.0","","","19.74","E"
"es26dcs139","True","100","100","0","0","0","0","0","0","0","0","0.0","0.0","0.0","0.0","0.0","","0.0","","0.0","","","2.0","E"
"es26dcs140","False","100","100","60","100","60","60","100","100","100","100","74.64","83.0","81.43","89.07","88.43","86.0","100.0","87","101.93","3","","90.9","A+"
"es26dcs141","True","100","60","60","100","0","0","0","0","0","0","79.43","70.0","0.0","0.0","0.0","","0.0","","0.0","","","9.88","E"
"es26dcs142","True","100","60","60","60","0","0","0","0","0","0","84.36","74.0","0.0","0.0","0.0","","0.0","","0.0","","","9.87","E"
"es26dcs143","False","100","100","100","100","60","100","100","60","100","100","86.29","97.25","63.23","94.0","54.34","66.5","100.0","97","112.04","3","","93.07","A+"
"es26dcs144","True","100","100","60","60","60","0","0","0","0","0","85.86","77.25","86.93","0.0","0.0","79.0","0.0","","0.0","","","21.76","E"
"es26dcs145","False","100","100","60","60","60","100","100","60","100","100","94.21","96.75","88.0","97.0","92.29","76.5","74.67","91","111.75","3","","92.56","A+"
"es26dcs146","False","100","100","60","100","60","100","100","100","100","100","77.57","99.25","88.64","97.43","95.71","56.0","72.27","79","105.43","3","","86.9","A"
"es26dcs147","False","100","100","100","60","0","100","100","100","100","100","80.93","69.0","92.5","81.14","93.14","44.0","73.6","46","106.61","3","","75.33","B"
"es26dcs148","False","100","100","100","60","60","0","100","60","60","100","37.03","66.25","94.21","89.86","79.5","75.0","100.0","93","71.0","3","","81.82","A-"
"es26dcs149","True","0","0","0","0","0","0","0","0","0","0","0.0","0.0","0.0","0.0","0.0","","0.0","","0.0","","","0.0","X"
"es26dcs150","False","100","100","60","60","60","100","100","100","60","100","86.71","82.75","91.0","77.21","82.5","44.5","60.53","36","102.54","3","","70.66","B-"
"es26dcs151","False","100","100","100","100","100","100","100","100","100","100","93.36","94.5","96.79","98.5","94.21","76.5","80.0","94","114.46","3","","96.45","A+"
"es26dcs152","False","100","100","60","60","60","100","100","60","60","100","73.43","84.75","60.14","83.57","90.79","68.0","67.47","75","96.79","3","","80.19","A-"
"es26dcs153","False","100","100","60","100","100","60","100","60","100","100","97.43","100.0","99.79","99.79","100.0","81.0","100.0","95","115.0","3","3","101.91","A+"
"es26dcs154","True","100","0","0","0","0","0","0","0","0","0","0.0","0.0","0.0","0.0","0.0","","0.0","","0.0","","","1.0","E"
"es26dcs155","True","100","0","0","0","0","0","0","0","0","0","0.0","0.0","0.0","0.0","0.0","","0.0","","0.0","","","1.0","E"
"es26dcs156","False","100","100","60","100","60","100","100","100","100","100","73.0","70.75","90.79","90.36","95.5","69.5","100.0","81","107.64","3","","89.83","A+"
